date,banking_beta,equity_returns_inv,equity_volatility,debt_spread,empi,fsi_variance_equal,banking_beta_std,equity_returns_inv_std,equity_volatility_std,debt_spread_std,empi_std
2005-01-01,,,,,,0.0,,0,,,
2005-02-01,,,,,,0.0,,0,,,
2005-03-01,,,,,,0.0,,0,,,
2005-04-01,,,,,,0.0,,0,,,
2005-05-01,,,,,,0.0,,0,,,
2005-06-01,,,,,,0.0,,0,,,
2005-07-01,,,,,,0.0,,0,,,
2005-08-01,,,,,,0.0,,0,,,
2005-09-01,,,,,,0.0,,0,,,
2005-10-01,,,,,,0.0,,0,,,
2005-11-01,,,,,,0.0,,0,,,
2005-12-01,,,,,,0.0,,0,,,
2006-01-01,,,,,0.0,-0.0009069113677376875,,0,,,-0.001813822735475375
2006-02-01,,,,,0.20816290218226463,0.06639946877220457,,0,,,0.13279893754440913
2006-03-01,,,,,0.0703504724533941,0.02183986816085836,,0,,,0.04367973632171672
2006-04-01,,,,,-0.142882024388453,-0.04710569005421714,,0,,,-0.09421138010843429
2006-05-01,,,,,-0.048380315390912365,-0.016549967190142924,,0,,,-0.03309993438028585
2006-06-01,,,,,0.09943402053764672,0.03124360111546056,,0,,,0.06248720223092112
2006-07-01,,,,,0.08528281269231353,0.026668018412240164,,0,,,0.05333603682448033
2006-08-01,,,,,-0.06661768777197241,-0.022446750456349196,,0,,,-0.04489350091269839
2006-09-01,,,,,-0.11823290809830245,-0.039135764703705465,,0,,,-0.07827152940741093
2006-10-01,,,,,0.09832418762975637,0.030884753142035974,,0,,,0.06176950628407195
2006-11-01,,,,,0.152471560720843,0.048392501346165614,,0,,,0.09678500269233123
2006-12-01,,,,,-0.12994922436803358,-0.042924061409906455,,0,,,-0.08584812281981291
2007-01-01,,,,,-0.28437713934817666,-0.09285603219292024,,0,,,-0.18571206438584048
2007-02-01,,,,,-0.19393546921143434,-0.06361306254319427,,0,,,-0.12722612508638853
2007-03-01,,,,,-0.14385396038115505,-0.047419951109912935,,0,,,-0.09483990221982587
2007-04-01,,,,,-0.028309657342532102,-0.010060418254664218,,0,,,-0.020120836509328437
2007-05-01,,,,,-0.10495681608477536,-0.034843137696358537,,0,,,-0.06968627539271707
2007-06-01,,,,,-0.08700682648196723,-0.029039275379639025,,0,,,-0.05807855075927805
2007-07-01,,,,,-0.07339901830333084,-0.02463939288116784,,0,,,-0.04927878576233568
2007-08-01,,,,,-0.06269235460056688,-0.0211775523243054,,0,,,-0.0423551046486108
2007-09-01,,,,,0.024524459936190457,0.007022708203701269,,0,,,0.014045416407402539
2007-10-01,,,,,-0.05392296386409434,-0.01834210018409693,,0,,,-0.03668420036819386
2007-11-01,,,,,-0.04716778704433455,-0.016157914173156426,,0,,,-0.03231582834631285
2007-12-01,,,,,-0.041353272954827824,-0.01427787747336673,,0,,,-0.02855575494673346
2008-01-01,,,,,3.451717483780331,1.1151546282412046,,0,,,2.230309256482409
2008-02-01,,,,,2.227551465930052,0.7193387432393372,,0,,,1.4386774864786744
2008-03-01,,,,,1.63106909823169,0.5264750361801105,,0,,,1.052950072360221
2008-04-01,,,,,1.3805808184374748,0.4454833743437101,,0,,,0.8909667486874202
2008-05-01,,,,,1.2063033921894828,0.38913335914942015,,0,,,0.7782667182988403
2008-06-01,,,,,1.0963636546838178,0.353585979249025,,0,,,0.70717195849805
2008-07-01,,,,,1.0482568256272347,0.3380313511675307,,0,,,0.6760627023350614
2008-08-01,,,,,0.9827723811437996,0.3168579294509376,,0,,,0.6337158589018752
2008-09-01,,,,,0.9621909678693952,0.3102032354053511,,0,,,0.6204064708107022
2008-10-01,,,,,0.9466298663953134,0.30517178455493155,,0,,,0.6103435691098631
2008-11-01,,,,,0.9660201841641927,0.31144135557409297,,0,,,0.6228827111481859
2008-12-01,,,,,0.9861674588687226,0.31795567736645347,,0,,,0.6359113547329069
2009-01-01,,,,,-3.9731730049897505,-1.285573342475849,,0,,,-2.571146684951698
2009-02-01,,,,,-2.5388503409544008,-0.821806429847154,,0,,,-1.643612859694308
2009-03-01,,,,,-1.7762295400262493,-0.5752243300023211,,0,,,-1.1504486600046422
2009-04-01,,,,,-1.2904744416628342,-0.4181626395540573,,0,,,-0.8363252791081146
2009-05-01,,,,,-0.9624830286717778,-0.3121114916598784,,0,,,-0.6242229833197568
2009-06-01,,,,,-0.7278746183612712,-0.2362543495714172,,0,,,-0.4725086991428344
2009-07-01,,,,,-0.5425842909344132,-0.17634347648449777,,0,,,-0.35268695296899555
2009-08-01,,,,,-0.3916187144865704,-0.1275310013992531,,0,,,-0.2550620027985062
2009-09-01,,,,,-0.2749623750874839,-0.08981190811694395,,0,,,-0.1796238162338879
2009-10-01,,,,,-0.1835307813293967,-0.060248861379181375,,0,,,-0.12049772275836275
2009-11-01,,,,,-0.10288433925747364,-0.03417303312101276,,0,,,-0.06834606624202552
2009-12-01,,,,,-0.030876005248026694,-0.010890208701894446,,0,,,-0.02178041740378889
2010-01-01,,,,,-1.4057405928234141,-0.45543223613418715,,0,,,-0.9108644722683743
2010-02-01,,,,,-1.377869030213139,-0.44642038066678574,,0,,,-0.8928407613335715
2010-03-01,,,,,-1.3431893041334328,-0.4352072067429038,,0,,,-0.8704144134858076
2010-04-01,,,,,-1.3131621299572467,-0.4254983663182009,,0,,,-0.8509967326364019
2010-05-01,,,,,-1.2874162644709242,-0.4171738234179632,,0,,,-0.8343476468359264
2010-06-01,,,,,-1.2551512413307158,-0.40674140779571444,,0,,,-0.8134828155914289
2010-07-01,,,,,-1.2272244344585124,-0.39771168991740835,,0,,,-0.7954233798348167
2010-08-01,,,,,-1.203304592242462,-0.389977564498311,,0,,,-0.779955128996622
2010-09-01,,,,,-1.1731311986560577,-0.38022144620082293,,0,,,-0.7604428924016459
2010-10-01,,,,,-1.1470244203818105,-0.37178020751547286,,0,,,-0.7435604150309457
2010-11-01,,,,,-1.1246862634781811,-0.36455749653085706,,0,,,-0.7291149930617141
2010-12-01,,,,,-1.0963389181707086,-0.35539180380068763,,0,,,-0.7107836076013753
2011-01-01,,,,,-0.7302437920929761,-0.23702038668048897,,0,,,-0.47404077336097794
2011-02-01,,,,,-0.6918608678911029,-0.22460983869076184,,0,,,-0.4492196773815237
2011-03-01,,,,,-0.6586677050345466,-0.21387732288775757,,0,,,-0.42775464577551514
2011-04-01,,,,,-0.6031880475990969,-0.1959388003448955,,0,,,-0.391877600689791
2011-05-01,,,,,-0.6008991661955546,-0.19519872456661308,,0,,,-0.39039744913322616
2011-06-01,,,,,-0.5687018186388574,-0.18478819083831488,,0,,,-0.36957638167662976
2011-07-01,,,,,-0.5409076567179864,-0.1758013617332937,,0,,,-0.3516027234665874
2011-08-01,,,,,-0.5173060978316633,-0.16817014849767503,,0,,,-0.33634029699535006
2011-09-01,,,,,-0.4917040771452916,-0.15989211567529055,,0,,,-0.3197842313505811
2011-10-01,,,,,-0.4371386450131383,-0.14224919429455746,,0,,,-0.2844983885891149
2011-11-01,,,,,-0.44009380639534695,-0.1432047017998845,,0,,,-0.286409403599769
2011-12-01,,,,,-0.42034223601210974,-0.13681832511778494,,0,,,-0.2736366502355699
2012-01-01,,,,,3.2384214902325974,1.0461885393101407,,0,,,2.0923770786202813
2012-02-01,,0.0667992299336646,,,2.9370280643726385,0.9487374551834983,,0,,,1.8974749103669966
2012-03-01,,0.03814124607845848,,,2.735493896858011,0.8835743778641333,,0,,,1.7671487557282666
2012-04-01,,0.013061929961784458,,,2.541748694839532,0.8209297467572526,,0,,,1.6418594935145052
2012-05-01,,-0.003415355020694122,,,2.3643899917748232,0.7635834465065565,,0,,,1.527166893013113
2012-06-01,,0.10336740655925958,0.04267072200369956,,2.2482418087134612,0.3168909552378359,,0,-0.5013844503314027,,1.4520573160449104
2012-07-01,,-0.013773188349233578,0.04477803057965869,,2.1235768656712004,0.31711211317213267,,0,-0.4201038640789574,,1.3714402035953555
2012-08-01,,-0.0014365006737371289,0.04301850289529831,,2.000801362899848,0.2680248914345708,,0,-0.4879702616933299,,1.2920449359970423
2012-09-01,,-0.057000808923557855,0.050099450989098286,,1.920817527522599,0.3418231225251596,,0,-0.21485239995576202,,1.240321767531241
2012-10-01,,-0.12737339054942076,0.06746418561972778,,1.8340002267551598,0.5463663259360274,,0,0.45491937765554724,,1.184179600152535
2012-11-01,,0.08203514891854446,0.06845149385866509,,1.744165481878152,0.5396955972322198,,0,0.49300065032163914,,1.1260861413750203
2012-12-01,,0.028958149842550185,0.0651888056291611,,1.6839061011913077,0.4847581110523964,,0,0.3671561417961921,,1.087118191360997
2013-01-01,,inf,0.0651888056291611,,-0.11003077580320911,0.09806289583314,,0,0.3671561417961921,,-0.07296745429677208
2013-02-01,,-inf,0.0651888056291611,,-0.09051592653286791,0.10226945345249654,,0,0.3671561417961921,,-0.0603477814387025
2013-03-01,,0.02567292979765412,0.06228470820591128,,-0.09617718331659078,0.0637113403714671,,0,0.2551427690092829,,-0.06400874789488158
2013-04-01,,-0.009246501616683389,0.059949131260416885,,-0.06887916150905252,0.039567253149359605,,0,0.16505768819425481,,-0.046355928746175994
2013-05-01,,-0.04576579388433544,0.059576478053688355,,-0.07230144475560882,0.03403837892755388,,0,0.1506841543619054,,-0.04856901757924376
2013-06-01,,-0.07719672845734493,0.06140083048109705,,-0.04856338282444472,0.06261085859796098,,0,0.2210508944409464,,-0.03321831864706345
2013-07-01,,0.05069729928075262,0.06057939880234448,,-0.04893741613949926,0.051969139736562094,,0,0.18936761408180372,,-0.033460194872117426
2013-08-01,,-0.003881414386022186,0.05869176986674413,,-0.01541386580903159,0.03492624556416249,,0,0.1165602482014443,,-0.01178151150895683
2013-09-01,,0.06265051688641776,0.05858812250331344,,-0.01193763338018744,0.03434298356931504,,0,0.11256248605152629,,-0.00953353534358116
2013-10-01,,0.0003268892367547238,0.05668449916396697,,0.020505556486880405,0.01686157139467734,,0,0.03913820315764827,,0.01144651102638375
2013-11-01,,-0.029576453328742147,0.05650807284676747,,0.030435841339552905,0.016733809752889833,,0,0.03233329823962568,,0.017868131019043814
2013-12-01,,0.030741324212598897,0.05690266908911004,,0.07803432094468121,0.032067281768205745,,0,0.047553192599908665,,0.04864865270470857
2014-01-01,,inf,0.05864353485986241,,0.030249139778768752,0.044149060623556315,,0,0.11469978520045598,,0.017747396670212953
2014-02-01,,-inf,0.0541104531401238,,0.03227175881971195,-0.01369648582951206,,0,-0.06014482176124547,,0.01905536427270929
2014-03-01,,0.05033967946453721,0.05578597889769371,,0.010289594356713838,0.0031072353408732336,,0,0.004481553991232976,,0.004840152031386724
2014-04-01,0.6293205135009114,-0.014740310393211331,0.05588794193411753,,0.006420611089654582,-0.5459693661865279,-2.1946300106154375,0,0.008414350294135774,,0.0023381955751901546
2014-05-01,0.6357348157670643,-0.040267409868034676,0.05494031890544283,,-0.019214337126556458,-0.5517559864497151,-2.164648550573229,0,-0.028136231901421813,,-0.014239163324209717
2014-06-01,0.6129133684932982,-0.007012312590644498,0.04354804901652267,,-0.028490232748883904,-0.6897756110765769,-2.27131959305813,0,-0.467545241991963,,-0.020237609256214883
2014-07-01,0.596729058884957,-0.013198364684425812,0.03878054676439875,,-0.057878915179706086,-0.7594104103933933,-2.3469676077133923,0,-0.6514316373843009,,-0.03924239647588008
2014-08-01,0.6264107343095661,-0.06586869968525733,0.04131007653992687,,-0.06678349727379021,-0.7017742855612267,-2.2082307772985605,0,-0.5538656399582415,,-0.04500072498810441
2014-09-01,0.615841529256912,-0.03190208854055676,0.040511660735710865,,-0.1177233476612326,-0.7300590248398758,-2.2576329080082678,0,-0.5846611795295439,,-0.07794201182169175
2014-10-01,0.6160084583881698,-0.03661265527073709,0.039918925601898476,,-0.1283796933917972,-0.7373023147466576,-2.256852654931469,0,-0.6075234502564423,,-0.0848331537987192
2014-11-01,0.6021258130303946,-0.008202839478146373,0.03899582926751382,,-0.19792486902355064,-0.7736690743708193,-2.321742328009493,0,-0.6431280181314242,,-0.12980595134235998
2014-12-01,0.5987864122937705,0.010591513362999905,0.039311920484913734,,-0.23375713058067385,-0.7803162372138385,-2.33735121352746,0,-0.6309361257087301,,-0.15297760961916368
2015-01-01,0.5875887620693959,-0.009945322972832571,0.03825419709718038,,2.0056595381908147,-0.4415593974512618,-2.3896907960476446,0,-0.671733367284402,,1.2951865735269994
2015-02-01,0.6667365401913421,0.048558167785087036,0.03618310431439037,,1.9297326315093903,-0.38131794601390157,-2.0197416030209236,0,-0.7516170812733518,,1.2460869002386694
2015-03-01,0.6792580766926177,-0.034304321940684446,0.034634976032107995,,1.8725353535266782,-0.3908611200699648,-1.9612139673245135,0,-0.8113296339642315,,1.2090991210088855
2015-04-01,0.6843054803206428,0.046376729666746996,0.03670529986497687,,1.7893152532894994,-0.378453507434415,-1.9376216070160408,0,-0.7314755789920492,,1.15528315627043
2015-05-01,0.6656197401858529,-0.04052062322072736,0.033909252606648524,,1.7251463264760503,-0.43762401333667234,-2.0249617023162743,0,-0.8393213700352674,,1.1137870190048522
2015-06-01,0.7649839222664252,0.0009585131279177261,0.033918775934810165,,1.663717655306484,-0.33135224349288156,-1.5605178499590957,0,-0.838954047610406,,1.0740629235979753
2015-07-01,0.7392526937253255,0.02996415456581758,0.03459077996536666,,1.6051409493786646,-0.3644102178253124,-1.6807896688306156,0,-0.8130343117963108,,1.0361831093256766
2015-08-01,0.7264427849482571,-0.049425537581750945,0.03491515625026915,,1.549503791284838,-0.3852459616047593,-1.7406652020075646,0,-0.8005228576580555,,1.0002042132465827
2015-09-01,0.7327481044546668,0.005165568969996315,0.034090630544745884,,1.495890944857717,-0.39449606058575576,-1.7111931445661301,0,-0.8323254771176376,,0.9655343793407447
2015-10-01,0.9575149638085688,0.030365424399265706,0.034296255694462506,,1.4594999742818207,-0.135747584351825,-0.6605974082081181,0,-0.824394349750775,,0.942001420551593
2015-11-01,1.0858605391205822,0.007285851813618294,0.03180236952599453,,1.3950635225851995,-0.020235804126140428,-0.06068995481033333,0,-0.9205855445916546,,0.9003322828974263
2015-12-01,1.087496809210142,0.01923315751630561,0.032361600397185886,,1.3475504461123042,-0.02061258544524916,-0.05304177044470601,0,-0.899015560214682,,0.8696069888783914
2016-01-01,1.0889215029493018,0.004007904908851501,0.03146354897568355,,2.310801251104765,0.12811899865635032,-0.04638252729702967,0,-0.9336541256612867,,1.4925126475837176
2016-02-01,1.080441237767146,0.07628936004851994,0.03628843604009427,,2.2777075901911883,0.15938424632270526,-0.08602062371911036,0,-0.7475543519161678,,1.4711119609260992
2016-03-01,1.0841428720069686,0.04004516916752365,0.03725261163718554,,2.2020931421885974,0.16078260495753588,-0.06871860169907916,0,-0.7103653238469346,,1.4222143453761573
2016-04-01,1.080829913154535,0.004983443963245904,0.033642495175264554,,2.1856560928235913,0.11944267046795062,-0.08420389368163098,0,-0.8496104186622427,,1.4115849942156762
2016-05-01,1.0974930130991527,-0.07900611975001581,0.03780119420330151,,2.126051411836301,0.1693791070909678,-0.0063179375106686185,0,-0.6892060531589754,,1.3730404190335153
2016-06-01,1.1161067412373509,0.0061481926280340105,0.036616192855046754,,2.0821969120628836,0.17261351803686947,0.08068556236440612,0,-0.7349125080156146,,1.3446810177986863
2016-07-01,1.112688150974836,0.03985924183273326,0.037246220678260326,,2.0525680433624323,0.16990390337629654,0.06470653251775937,0,-0.7106118282716224,,1.3255209092590492
2016-08-01,1.1215344312222333,-0.019426466854810087,0.037730808766737206,,1.9945176203923127,0.1755289978861504,0.10605544105907655,0,-0.6919208760438854,,1.2879814265294105
2016-09-01,1.117989663747772,inf,0.03856438754806107,,1.964975387814678,0.1746487274637198,0.0894866390312568,0,-0.6597690721711353,,1.2688773429947577
2016-10-01,1.1178758636050155,-inf,0.038319997036304336,,1.8922851388419883,0.16040750713064292,0.0889547192227912,0,-0.6691954107229448,,1.2218707200227252
2016-11-01,1.1199442607162184,0.026857245581652478,0.0373393512203031,,1.8800059782011052,0.15138329423103972,0.09862273341479254,0,-0.707019708379167,,1.2139301518885333
2016-12-01,1.1199937907388924,0.014341026995280615,0.03616193345406423,,1.8224187092522715,0.1307776908162715,0.0988542445494524,0,-0.752433658379528,,1.1766901770951617
2017-01-01,1.1150578772269861,0.018584895223918707,0.034274714164042173,,-2.434942991043082,-0.5814653207228029,0.075783006620752,0,-0.8252252239005385,,-1.576419065611425
2017-02-01,1.1112584723702772,0.010192461161135924,0.03420377605590699,,-2.2616403307072925,-0.5585716904520169,0.05802398932331592,0,-0.827961363772338,,-1.4643493873590456
2017-03-01,1.0979560953550913,0.0014104397718366357,0.03389909527682241,,-2.095257291226228,-0.5501552466625486,-0.004153418038934031,0,-0.8397131464141256,,-1.3567544221971346
2017-04-01,1.0976879550998555,0.0067893886471122045,0.030662386690581484,,-1.9465102163029595,-0.5576316145205829,-0.005406747865699683,0,-0.9645555992087979,,-1.260564111007834
2017-05-01,1.10425187398494,-0.08329890828704123,0.03800560497419952,,-1.8168693309780974,-0.4581942315335792,0.02527404384128272,0,-0.6813217653596235,,-1.176729204615976
2017-06-01,1.1039919214208056,-0.01285854864229563,0.03780245758610749,,-1.6765240121845868,-0.4377675995578002,0.024058984573559476,0,-0.6891573234682683,,-1.085972059336492
2017-07-01,1.1042925180327665,-0.005865923212780899,0.037872976749446605,,-1.5494911589896876,-0.4161992529733382,0.025464020528582338,0,-0.6864373426341246,,-1.0038236897878106
2017-08-01,1.1351941098554652,0.019246689977014952,0.03787330139488263,,-1.4387501104013056,-0.3621831585540748,0.16990293251464889,0,-0.6864248207986111,,-0.9322107459323371
2017-09-01,1.132814895538215,0.03374383968016659,0.03852606224289371,,-1.2996971096781298,-0.3361886261595496,0.15878210969953174,0,-0.6612473100086522,,-0.8422893043290779
2017-10-01,1.1232800802470408,-0.013285283432704631,0.03440141394237268,,-1.1687728638155808,-0.3659369796475996,0.11421487981224568,0,-0.8203383115715878,,-0.7576244868310562
2017-11-01,1.1403393109617344,-0.023405135232660967,0.033342204294873536,,-1.048783737280122,-0.33681788790848316,0.19395241365474764,0,-0.861192879381521,,-0.6800310859071592
2017-12-01,1.1474241415122877,0.03350860810434675,0.034407607397740625,,-0.8603626432072087,-0.2878040406065898,0.2270680286107346,0,-0.8200994250179154,,-0.5581847660191783
2018-01-01,1.1446604335856092,-0.000836377473431682,0.028465805430709094,,-1.4139753306321845,-0.4378297787528285,0.21415002204760725,0,-1.0492795046635561,,-0.9161896323953652
2018-02-01,1.1215780328194185,-0.013506307693704755,0.028708689283447233,,-1.1157321514655347,-0.41424416809672243,0.10625924179835297,0,-1.0399112791615917,,-0.7233246350236511
2018-03-01,1.0831702561559298,-0.008972544525560622,0.02716440499241742,,-2.205506557157708,-0.650197418093206,-0.0732647615251,0,-1.0994755660189235,,-1.4280493448288003
2018-04-01,1.085789586315606,0.01647160464069053,0.027044244911856734,,-5.0,-1.1000742530029526,-0.06102159940689432,0,-1.1041102369463496,,-3.2351651756585666
2018-05-01,1.0845800646470278,-0.012945503588735363,0.026478015138301093,,-3.1972467785875462,-0.8155008827898471,-0.0666750943736057,0,-1.1259501746153,,-2.069378262170483
2018-06-01,1.0845674630152864,0.020551215483685326,0.026165653144542212,,-0.5227253176336204,-0.386144242400407,-0.06673399638708209,0,-1.1379982278835068,,-0.3398447453310392
2018-07-01,1.1143676709331516,0.04353500098869212,0.027264490313235263,,0.9449240993559556,-0.10345445521282681,0.07255687358853173,0,-1.0956151947168062,,0.6092405002769672
2018-08-01,1.1212446589270835,-0.00015990001388388464,0.027116200077799166,,0.9328690855286315,-0.0987972468616051,0.10470099966734214,0,-1.1013348683371127,,0.6014448812233502
2018-09-01,1.121686916311241,0.0061976653220394695,0.02684420658402665,,-0.2541028622857562,-0.29279807128540614,0.10676818040521613,0,-1.1118258761007094,,-0.16613458944613133
2018-10-01,1.1549013958324206,0.04600865664329845,0.02863678708538341,,1.0739552918083057,-0.021996393552415533,0.2620178941335132,0,-1.0426846047571596,,0.6926811364139843
2018-11-01,1.194745908157038,-0.04972499394199126,0.030940243705219226,,0.7581637032241519,-0.004278224977068465,0.4482574264464007,0,-0.9538384307305977,,0.4884681043759232
2018-12-01,1.1850375379179934,0.014651812071898362,0.031079884902408955,,0.1282290181131005,-0.11611632824867843,0.4028789733708709,0,-0.9484523574701078,,0.08110807110452325
2019-01-01,1.174353578623834,-0.006122096656596909,0.024153343289100907,,-1.7100532413022695,-0.49258214721382765,0.3529404632447267,0,-1.2156146370975198,,-1.1076544150025176
2019-02-01,1.1991453326815853,0.01330945192173516,0.023881509824857677,,-2.8408847425330954,-0.6490519925037068,0.468821030267731,0,-1.2260994723934926,,-1.8389295278890658
2019-03-01,1.2513917822506804,0.03881417933843956,0.024821799746055292,,-2.7903036588622565,-0.5707557015949392,0.713029172495271,0,-1.1898317340498463,,-1.8062202448251812
2019-04-01,1.2621190640132445,0.03295452453526693,0.025336846502762442,,-2.3143949344204193,-0.47631500226120427,0.7631701786687651,0,-1.1699659664967845,,-1.4984642212167978
2019-05-01,1.3142183376919558,0.01976929314146325,0.024792022197086597,,-4.889962641375487,-0.8370742919146109,1.006690397581559,0,-1.190980278057567,,-3.164007287182436
2019-06-01,1.33687119909093,0.029612845081041783,0.024723683660325287,,-2.1927427933818158,-0.37520952637903754,1.1125734431091878,0,-1.1936161503711722,,-1.4197953982541658
2019-07-01,1.3677203405553193,-0.014456746946445165,0.024162207969064948,,-0.8495892677306446,-0.12743086744911702,1.2567671938514269,0,-1.215272719263256,,-0.551217944384639
2019-08-01,1.4513607830790822,-0.09241861283016739,0.03272334252556795,,0.9040892572902033,0.3363716887617345,1.6477158085856176,0,-0.8850628754477065,,0.582833821909027
2019-09-01,1.4513661110222456,0.0032219329730480695,0.03270345862805968,,0.47610277730056083,0.2669946469890882,1.6477407122319427,0,-0.8858298133631565,,0.30606768908756654
2019-10-01,1.4558127405141665,0.024915321195798867,0.03272845433097819,,-1.024988212206916,0.02975400581022064,1.6685249595129015,0,-0.8848657090026529,,-0.664643227269366
2019-11-01,1.4815597451762237,-0.05074131112423785,0.03500513123008795,,-0.8200525887487815,0.11492515398193753,1.7888705184609694,0,-0.7970524503379527,,-0.5321174521952666
2019-12-01,1.4661528771877241,-0.029910838301294262,0.03567738351847551,,-1.4304600092025757,0.004720866384536282,1.7168563885048158,0,-0.7711231390196901,,-0.9268497839469806
2020-01-01,1.4825626230223081,0.017316576479226242,0.03565844498688652,,-0.5283555493858828,0.16955471634740166,1.7935581276228043,0,-0.7718536134114687,,-0.34348564882172883
2020-02-01,1.4757394430304671,0.029486577980140538,0.035939954788869,,-0.08661470674273453,0.2357112440148243,1.7616655086288957,0,-0.7609955539881916,,-0.05782497858140687
2020-03-01,1.4548026943187393,0.054884443880714784,0.036682092239735835,,-0.8078398606648296,0.10180332114418014,1.6638038443561085,0,-0.7323707157587469,,-0.524219844020641
2020-04-01,1.4533217018343048,,0.037671269828473936,,-0.3484794934375218,0.18387474004489968,1.6568814519972093,0,-0.6942173407677023,,-0.22716515104990834
2020-05-01,1.519561819436005,,0.038761421828643616,,-0.15679161142888376,0.3027806516825057,1.9664982047882673,0,-0.6521693015346546,,-0.10320629652358995
2020-06-01,1.4710095029187316,-0.08777452038838085,0.04294140304854289,,0.15755572848372734,0.337171435225588,1.7395570228454382,0,-0.4909440647783394,,0.10007278283525324
2020-07-01,1.5319712617471752,-0.07103080405668827,0.044570742506714556,,-0.9925069319334925,0.23819105346749628,2.024501894567856,0,-0.42809913173185465,,-0.6436385489660162
2020-08-01,1.5286724390737159,-0.0035675476655523397,0.04432643022245292,,-1.788745977607777,0.10325438906148915,2.0090826773144768,0,-0.437522452986276,,-1.1585426680822442
2020-09-01,1.5550783866874551,-0.036706632601553935,0.044949861708401005,,-0.8151458398556529,0.29752190916728743,2.132508239504706,0,-0.41347619927469975,,-0.5289444035608564
2020-10-01,1.2795067157843725,-0.12112426141220212,0.05202438421353435,,-1.0520487112848762,0.005423544779344924,0.844442804306437,0,-0.14060617765879196,,-0.6821424475302653
2020-11-01,1.2714508405485914,0.05724057338965949,0.05329599738510022,,3.776095144219799,0.7888259960496717,0.8067883734011329,0,-0.09155903513285098,,2.4400746459304052
2020-12-01,1.2443307156770145,-0.10047143120977786,0.055716774352744726,,-0.8489140775984002,0.03276389854003234,0.6800246341137781,0,0.0018122790454756753,,-0.5507813189991244
2021-01-01,1.2162253524956999,-0.08747638194676277,0.05686232667795527,,5.0,0.9565476047971426,0.5486557356384434,0,0.0459971533625111,,3.231537530187616
2021-02-01,1.2014713983402752,-0.21713217324840706,0.07059463240035464,,1.9838505178495933,0.5841099958695851,0.4796934278735569,0,0.5756632271630273,,1.2810833284417562
2021-03-01,1.1689523832729138,0.14130631067005694,0.08249502791281148,,1.3015700725397095,0.5505595810099584,0.32769442464622167,0,1.034671051134992,,0.8398728482586197
2021-04-01,1.1655673309443633,0.033472216304842206,0.08237784741548144,,0.21622764885674994,0.3700094077444004,0.3118721563903643,0,1.0301513051286422,,0.13801416945859496
2021-05-01,1.1657523217133736,-0.003098091989468088,0.0822653566843257,,-0.26055888715694575,0.2920599426969267,0.31273683240953604,0,1.0258124471746553,,-0.17030950879648452
2021-06-01,1.1714181230310037,-0.03204116413477642,0.08132151820351803,,2.392846904860933,0.7185491629362537,0.33921968101303684,0,0.9894078380334677,,1.5455691326985106
2021-07-01,1.1592081860085817,-0.036642514556360695,0.0811592399885553,,4.923913318008956,1.111907920539474,0.28214851040616906,0,0.9831486367951451,,3.1823345349565817
2021-08-01,1.1547440390452715,-0.052845925409105377,0.08138064810274308,,-0.12540763526022952,0.29251492433307485,0.2612823837022108,0,0.9916885257926736,,-0.08291121216258511
2021-09-01,1.142010142096189,-0.1174128704239834,0.08307958170011018,,2.8724443807150197,0.7786726161804995,0.2017621417929533,0,1.0572177607482722,,1.8557105621807728
2021-10-01,1.1313294345829097,-0.030011771173196422,0.0814822199324692,,-0.37788630803245704,0.2253158500352339,0.151838831003304,0,0.9956062329386784,,-0.24618166380104678
2021-11-01,1.114120729630912,-0.07051098118412291,0.07823666753362792,,4.06482681365856,0.8921535327309147,0.0714026310102021,0,0.8704226671807391,,2.6267888327327173
2021-12-01,1.0809646474282493,-0.11876907099547473,0.07782225041899402,,-0.37129550493019536,0.13223613850451946,-0.08357412444468702,0,0.8544382658383022,,-0.2419195873755373
2022-01-01,1.0806170667605222,-0.10126427681887407,0.07660100379579646,,-5.0,-0.6282575363399434,-0.08519877128365722,0,0.8073338015824504,,-3.2351651756585666
2022-02-01,1.0843268434960067,-0.02319664803373378,0.07640966203230767,,0.13740492945392152,0.2047841915316411,-0.06785868995519262,0,0.7999535959076045,,0.08704186017415246
2022-03-01,1.0546960761904844,0.12477123041841942,0.08551558402833166,,1.3642433451662288,0.45630513798941685,-0.20635756779546643,0,1.1511763293266994,,0.8804017904264345
2022-04-01,1.0391351013876824,0.2974700155801795,0.11397988459633776,,5.0,1.3003782007864224,-0.27909201729746097,0,2.249067290255535,,3.231537530187616
2022-05-01,1.0380946496288663,0.10880900628753842,0.1177564573999835,,1.4197495376526421,0.7567683705268994,-0.2839552528511386,0,2.3947327400179907,,0.9162959949407453
2022-06-01,1.033650185208913,-0.05960495384980824,0.1156910806449753,,0.7383464702323012,0.6214982516318196,-0.3047293802443847,0,2.3150694978168183,,0.47565288895484464
2022-07-01,1.0408466722345597,0.07827771760541147,0.11646944769645895,,-0.22814910852213743,0.4811622017691105,-0.2710918653205508,0,2.3450917408741185,,-0.14935106847712543
2022-08-01,1.0226581315355614,-0.04086855071858331,0.11487367658580674,,0.1817562653290777,0.5107890361143241,-0.3561079720716553,0,2.2835415659836227,,0.11572255054532898
2022-09-01,1.040087523728766,-0.1750573101133277,0.11954338396128815,,-0.7380410918824104,0.4274831584752978,-0.27464024512058965,0,2.463655934347422,,-0.4790830553256408
2022-10-01,1.0371845340528165,-0.04179999110244914,0.10996326697617613,,-0.16663761957420894,0.4240901062719028,-0.288209276538347,0,2.094143118901064,,-0.10957341727510575
2022-11-01,1.0447033407615989,0.11450120290933441,0.10822359406075137,,-1.1221520301436387,0.26162529184601846,-0.25306518860005717,0,2.027042535689672,,-0.727476179705541
2022-12-01,1.0438873365417465,-0.011316358419994899,0.10779825957221138,-1.6699999999999982,-0.6853191273637492,-0.22495030735778374,-0.25687932097122335,0,2.010637042457064,-2.4335199300101538,-0.4449893282646055
2023-01-01,1.0429163053480106,0.022563625028977796,0.10803132214497566,,-1.6748471501217876,0.1683301742353498,-0.26141807385918026,0,2.019626453293188,,-1.0848876824926086
2023-02-01,1.0454041210690321,-0.058513219407917205,0.10849934062867378,,-0.8733477411241022,0.30532670719429306,-0.24978963096122478,0,2.0376783025410607,,-0.5665818428026637
2023-03-01,1.0444686393884723,-0.02195751041940852,0.10835609183266284,,-2.577495062830118,0.027346902256704442,-0.25416221982001946,0,2.0321530812931825,,-1.6686032524463452
2023-04-01,1.0468324234356186,-0.0015439115810789161,0.10786556000370809,0.9600000000000009,-3.220762490832172,-0.20718117505135752,-0.24311352052003618,0,2.013232874215878,-0.7214400547819241,-2.084585174170705
2023-05-01,1.0447282894764498,0.05857017912519247,0.1054734240725048,0.8200000000000003,-0.7529956334126954,0.07333731883661185,-0.2529485743735411,0,1.9209662678432224,-0.812577386543123,-0.4887537127434991
2023-06-01,1.0392750286828532,0.002281207695897791,0.10519589252671584,0.33999999999999986,-2.08831076463062,-0.16909737407180542,-0.2784379750595212,0,1.9102616529602277,-1.125048238295804,-1.3522623099639295
2023-07-01,1.043332024133781,-0.1478616811993536,0.1094219852076321,0.27000000000000135,-0.06510168988596965,0.11985209056118311,-0.2594749387141253,0,2.0732654458459945,-1.1706169041764023,-0.04391315014955127
2023-08-01,1.039627683139431,-0.1274929620313987,0.1099376842498238,-0.75,0.4842033566309681,0.058611077761469385,-0.2767896125315514,0,2.093156372574695,-1.83461746415085,0.3113060929150532
2023-09-01,1.0398764221995669,0.025697718814331694,0.10742943699673134,-0.2900000000000009,-0.349701437977202,-0.008467457054889372,-0.2756269669493889,0,1.996411259152163,-1.5351662312211982,-0.2279553462560227
2023-10-01,1.059918003596054,-0.0006577008128605399,0.10722300197900056,-0.47000000000000064,-0.6143814827401595,-0.04899188487220315,-0.1819494558361122,0,1.988448894524783,-1.6523428006284533,-0.39911606242123326
2023-11-01,1.0560857092662188,0.03585818858478085,0.10388806103934287,0.20000000000000107,-0.9163290634107,-0.030121363803671298,-0.19986220371614782,0,1.859817540870616,-1.216185570057002,-0.5943765861158226
2023-12-01,1.054172870715971,0.0046792201072491935,0.07745569562624624,0.39000000000000057,-0.8862836273798451,-0.20718988940776567,-0.20880311266957763,0,0.8402999527368987,-1.0924991912382327,-0.5749470958679168
2024-01-01,1.0550370047511761,0.0033619067626222687,0.07222831261792634,0.3699999999999992,-0.5776786948856696,-0.2093977395785973,-0.2047640139535213,0,0.638675586789957,-1.1055188100612618,-0.3753814606681604
2024-02-01,1.036960151377565,0.02930504101803777,0.07220702381660798,1.4700000000000006,-0.8300497405651266,-0.11588514075857706,-0.2892580765376416,0,0.637854460604875,-0.3894397747947008,-0.5385823130654179
2024-03-01,1.0424446751000784,-0.02995625326887108,0.06902336447428328,3.0699999999999985,-1.186221090980054,0.02693152124928544,-0.263622547993131,0,0.5150581598047189,0.6521297310475672,-0.7689077366127279
2024-04-01,1.0576897250610147,-0.09829338823665523,0.07118480744203899,2.92,-0.7126174573353529,0.09958044304993555,-0.19236478100931506,0,0.5984267530779882,0.5544825898748553,-0.4626423466938507
2024-05-01,1.0593252004470721,-0.04623670106686184,0.061695881228885786,3.08,-1.0812742506707562,0.0010617466570416844,-0.18472031121314708,0,0.23243123903218682,0.6586395404590824,-0.7010417349929137
2024-06-01,1.0573254945644248,0.02485363007876451,0.06193996003949608,3.5700000000000003,-0.2690900698352045,0.16991442677253,-0.19406725177332723,0,0.2418455550201407,0.9776202016232775,-0.17582637100744092
2024-07-01,1.0608622592888197,-0.002159413578333158,0.05453948872336466,2.879999999999999,-0.07473511491172004,0.05143362446404035,-0.17753585586099563,0,-0.043596574329990694,0.528443352228798,-0.05014279971760991
2024-08-01,1.066364381370103,0.05417082553960029,0.05681334941297511,3.119999999999999,-1.3523743708751066,-0.059877070783828354,-0.15181806981311646,0,0.04410806086981957,0.6846787781051386,-0.8763541230809835
2024-09-01,1.0718866018676216,0.06502524906773033,0.05899018731303775,3.2200000000000006,-0.14141269963631897,0.13171595384178514,-0.12600634059912608,0,0.1280704490611655,0.7497768722202813,-0.09326121147339511
2024-10-01,1.0883175862326158,-0.11225112908002366,0.06236922652831838,2.9299999999999997,-0.15210504269897107,0.13400282937103566,-0.04920532924162896,0,0.2584027086653418,0.5609923992863693,-0.10017563185490391
2024-11-01,1.1015789154036597,-0.07008986251115878,0.06359958025726134,2.719999999999999,-0.616469365600004,0.0684917645575746,0.012780214025682034,0,0.3058584413127779,0.424286401644571,-0.4004662341951579
2024-12-01,1.127622818560689,-0.027999837786644832,0.06354424192905789,2.9099999999999984,-0.27930829682030234,0.16075522133802997,0.13451352334693825,0,0.3037239974966606,0.5479727804633401,-0.18243419461678917
2025-01-01,1.1289109801054726,,0.06260744211819409,2.8599999999999994,-0.04872862433241677,0.1780448053992105,0.1405345934930458,0,0.26759087551497235,0.5154237334057699,-0.033325175417735546
2025-02-01,1.130763053411738,,0.06413806456061165,3.4399999999999995,0.05853826063583808,0.28097069987701384,0.1491914761161255,0,0.3266282138858961,0.8929926792735926,0.03604113010945494
2025-03-01,1.1449488828567274,,0.057832700089176854,3.34,-0.2528123133003482,0.19230361417934755,0.2154982794164356,0,0.08342523610638587,0.827894585158451,-0.16530002978453484
2025-04-01,1.2179651273819196,,0.05183880512442514,3.09,-0.10512555758914388,0.20087551195125544,0.5567877177417628,0,-0.14776411234907627,0.6651493498705964,-0.06979539550700592
2025-05-01,1.2362850000029109,,0.05279443028225377,3.1599999999999984,0.00025107871791080205,0.24811587343241204,0.6424176906014656,0,-0.11090488159757417,0.7107180157511948,-0.0016514575930259574
2025-06-01,1.2395134889943464,,0.05470116053329952,3.2200000000000006,-0.1478451583431171,0.2545006750899616,0.6575081571365718,0,-0.037360762621200624,0.7497768722202813,-0.09742089128584464
2025-07-01,1.2357033251221763,,0.0550904230182832,3.2199999999999998,-0.11789732378570984,0.25781492202892975,0.6396988505046518,0,-0.02234659557110138,0.7497768722202808,-0.07805451700918271
2025-08-01,1.2386010943946808,,0.057179507611161494,3.2800000000000002,-0.04722709602802366,0.2935912209840591,0.6532434809336823,0,0.05823107700009009,0.7888357286893661,-0.03235418170284319
2025-09-01,1.244791158192476,,0.05957234932227359,3.370000000000001,-0.1425633584230851,0.31722408519686135,0.6821768150223531,0,0.150524905871343,0.8474240133929943,-0.09400530830238372
2025-10-01,1.2542481542365078,,0.06044004382017224,3.210000000000001,-0.13349376364891935,0.31309993553152615,0.7263803054798619,0,0.18399258036468263,0.7432670628087673,-0.08814027099568113
2025-11-01,1.2445282821823203,,0.06407160319723793,3.2200000000000006,-0.03786433113641022,0.3456980297979248,0.680948091107029,0,0.324064745659277,0.7497768722202813,-0.02629955999696336
2025-12-01,1.2475386792745127,,0.06161598846416619,2.8499999999999996,0.03444740187288614,0.2907490169052124,0.6950191617216792,0,0.22934971085552572,0.5089139239942558,0.02046228795460099
